Time (s),altitude (m)
0,0.000000000000000
0.001055643,0.000000000000000
0.002111287,0.000000000000000
0.004222573,0.000000000000000
0.00633386,0.000000000000000
0.008445147,0.000000000000000
0.008950426,0.000000000000000
0.009455704,0.000000000000000
0.010466262,0.000000389729053
0.01147682,0.000003479199108
0.012487378,0.000014249836454
0.022592955,0.002396897769700
0.032698533,0.012285942126937
0.04280411,0.035813925197772
0.043044463,0.036583478176908
0.043284816,0.037364385410342
0.043525169,0.038156729668344
0.043765522,0.038960593727438
0.044005875,0.039776058155212
0.044486581,0.041430172119476
0.044967286,0.043130625041726
0.045447992,0.044877354398181
0.05025505,0.064870921656393
0.055062108,0.089423268076075
0.059869166,0.118471720077082
0.065137934,0.155412694826737
0.069232209,0.187787670538796
0.073326484,0.223384365240576
0.077420759,0.262225999267343
0.079058469,0.278675190182639
0.080696179,0.295646048829667
0.082333889,0.313136676966564
0.085609309,0.349667214789179
0.088884729,0.388250082642910
0.092160149,0.428867429706426
0.09270585,0.435859109127134
0.093251552,0.442906598853141
0.093797253,0.450009816186820
0.094342954,0.457168762854848
0.094888656,0.464383490503677
0.095980058,0.479036482978245
0.097071461,0.493913426009043
0.107985488,0.653983867389228
0.108968387,0.669509879845689
0.109951287,0.685221023503571
0.110934187,0.701117102845157
0.112899987,0.733462391621626
0.114865787,0.766542928443413
0.116831586,0.800355700074760
0.124808102,0.944991090544929
0.129785857,1.041266026117230
0.134763613,1.142145271422580
0.139741369,1.247637091868570
0.14969688,1.472491962223330
0.159652391,1.715861349126950
0.169607902,1.977740461456620
0.190530959,2.588338918416980
0.203069628,2.993342057269840
0.215608298,3.427697584834600
0.225551481,3.793091860239290
0.229287135,3.936485268314060
0.233022789,4.082510380398500
0.240494096,4.379831242863690
0.247965404,4.687707846865900
0.255436711,5.006169134241860
0.303910146,7.331366403917030
0.352383581,10.111367681051700
0.357719116,10.445500023346000
0.363054652,10.785261259063200
0.368390187,11.130671373635900
0.379061257,11.838511618872900
0.389732328,12.569191016013600
0.400403398,13.322866827880900
0.411074469,14.099699977026400
0.417301722,14.563798694762000
0.423528976,15.035870536605900
0.429756229,15.515946767549500
0.442210737,16.500216655358600
0.454665244,17.516741609412500
0.467119751,18.565640558984700
0.481091465,19.780996441630700
0.49506318,21.037412025973900
0.509034894,22.335055221597100
0.521409298,23.518905099863200
0.533783701,24.735343145614600
0.546158104,25.984485937874200
0.566303866,28.088400363032600
0.586449628,30.279764324848500
0.606595389,32.558981097275600
0.626741151,34.926425726241000
0.646886913,37.382472134854800
0.667032674,39.927493182122500
0.698513358,44.083399057781400
0.729994041,48.458841094364100
0.761474725,53.054931654864500
0.792955408,57.872712979449900
0.816525588,61.625651096874500
0.840095767,65.503919812535800
0.863665947,69.507975087473400
0.887236127,73.638277708656300
0.897251131,75.431584043240300
0.907266134,77.247803748455800
0.917281138,79.086973336811400
0.932945459,82.009706147393600
0.94860978,84.988815230864700
0.964274102,88.024444186011700
0.971129669,89.370815826181700
0.977985236,90.728053357642800
0.984840803,92.096169120269600
0.993991393,93.939257344027800
1.003141983,95.801770838602200
1.012292573,97.683730008573900
1.030426561,101.470784932808000
1.04856055,105.334440033878000
1.066694539,109.274846724737000
1.084828528,113.292161629915000
1.096221095,115.855425206327000
1.107613663,118.449145478479000
1.11900623,121.073361852066000
1.148836148,128.089252262804000
1.178666065,135.315201306667000
1.208495983,142.751886279732000
1.2383259,150.399975477524000
1.250150121,153.490239633145000
1.261974342,156.613859644892000
1.273798562,159.770875542192000
1.278184535,160.950410327728000
1.282570508,162.134548875849000
1.286956482,163.323293868633000
1.292608594,164.862002510069000
1.298260707,166.408371132107000
1.30391282,167.962405352743000
1.319138691,172.186910008979000
1.334364563,176.467189200859000
1.346886244,180.029136968702000
1.359407926,183.628935524557000
1.371929607,187.266641467088000
1.39551084,194.220379845438000
1.419092073,201.309135832971000
1.442673305,208.533268992127000
1.466254538,215.893136009535000
1.471010237,217.393899582072000
1.475765937,218.900197881944000
1.480521637,220.412032160014000
1.490425995,223.578396357033000
1.500330354,226.768771644961000
1.510234712,229.983133882135000
1.51461699,231.413005477497000
1.518999268,232.847562639835000
1.523381545,234.286802079830000
1.52813765,235.854109114220000
1.532893754,237.426923197912000
1.537649858,239.005240069642000
1.551993909,243.798596523294000
1.566337961,248.641847237764000
1.580682012,253.534871307747000
1.600372696,260.332541996889000
1.620063381,267.223189276807000
1.639754065,274.206171485583000
1.659444749,281.280887093188000
1.664489797,283.108235738168000
1.669534846,284.941573453769000
1.674579894,286.780897772594000
1.692227114,293.261724076219000
1.709874334,299.815266810330000
1.723200992,304.812028746505000
1.736527649,309.849513988312000
1.749854306,314.927588109595000
1.763180963,320.046148044417000
1.768413274,322.066837766740000
1.773645584,324.093742534080000
1.778877895,326.126854991642000
1.80990067,338.308283993416000
1.840923444,350.705144293083000
1.849696938,354.249755810328000
1.858470432,357.811304310595000
1.867243926,361.389726348121000
1.876295336,365.099117471085000
1.885346746,368.826331369608000
1.894398156,372.571299216931000
1.89847709,374.264721337948000
1.902556025,375.961728714170000
1.906634959,377.662315089632000
1.910557523,379.301077444284000
1.914480087,380.943138316267000
1.91840265,382.588492165382000
1.92964357,387.321775514787000
1.94088449,392.081927942816000
1.95212541,396.868829766221000
1.969729867,404.419139338582000
1.987334325,412.034390052329000
2.004938782,419.714208906315000
2.02462208,428.376879099981000
2.040312287,435.339276780517000
2.056002495,442.352019368783000
2.071692702,449.414820820299000
2.08738291,456.527391482317000
2.104898551,464.525886595793000
2.122414192,472.585627377059000
2.139929834,480.706198958002000
2.157445475,488.887235508469000
2.174961116,497.128455669113000
2.196634219,507.408772353514000
2.213890533,515.659458240404000
2.231146846,523.967922739309000
2.24840316,532.333967914205000
2.265659473,540.757394463729000
2.287275608,551.389664496930000
2.308891743,562.111283554269000
2.326666519,570.994263696457000
2.344441295,579.937198271344000
2.362216071,588.939880271464000
2.379990847,598.002100485047000
2.397765623,607.123647355856000
2.420253739,618.748631398760000
2.442741855,630.467792352832000
2.465229971,642.280680502259000
2.487718087,654.186837665492000
2.510206203,666.185747765630000
2.53269432,678.276807642672000
2.555182436,690.459316748368000
2.577670552,702.732528824357000
2.600158668,715.095720800876000
2.603332844,716.847977230965000
2.60650702,718.602003510061000
2.609681197,720.357792375101000
2.61602955,723.874615604853000
2.622377902,727.398389384699000
2.628726255,730.929050964411000
2.643929607,739.412100630673000
2.659132959,747.933425961191000
2.674336311,756.492081870323000
2.689539663,765.087158082848000
2.716798002,780.585742100459000
2.74405634,796.193266072559000
2.764364965,807.889227458004000
2.784673589,819.640552079538000
2.804982214,831.445041710964000
2.825290838,843.300490374823000
2.851769932,858.830913158424000
2.878249025,874.439282061685000
2.899655825,887.111336034314000
2.921062626,899.828525472509000
2.924926456,902.128534889723000
2.928790286,904.429930637935000
2.932654116,906.732709765705000
2.940381777,911.342402627218000
2.948109437,915.957592850385000
2.955837098,920.578258304299000
2.98276746,936.723244331731000
3.000920958,947.643341039193000
3.019074455,958.592803914148000
3.028128987,964.065024655151000
3.03718352,969.544360558252000
3.046238052,975.030693978718000
3.057653452,981.957283901753000
3.069068853,988.894531793510000
3.080484254,995.842180451513000
3.101048771,1008.383696118890000
3.121613289,1020.956673749780000
3.142177807,1033.559477531740000
3.162742324,1046.190605934390000
3.183306842,1058.848634245850000
3.203871359,1071.532170242650000
3.224435877,1084.239828503760000
3.250780199,1100.552089741030000
3.277124521,1116.898728966480000
3.303468844,1133.276770007750000
3.30686601,1135.390885784970000
3.310263176,1137.505460792370000
3.313660342,1139.620486176670000
3.320454675,1143.851836332780000
3.327249007,1148.084865758580000
3.33404334,1152.319497664130000
3.361867383,1169.675107944450000
3.389691427,1187.050367525610000
3.391706316,1188.309349179890000
3.393721206,1189.568409527690000
3.395736095,1190.827545567750000
3.399765873,1193.346036236190000
3.403795651,1195.864812374050000
3.40782543,1198.383865076860000
3.426566323,1210.102180698530000
3.441901439,1219.694604733810000
3.44357276,1220.740243189220000
3.445244082,1221.785915273530000
3.446915403,1222.831620463190000
3.450258046,1224.923129001840000
3.453600688,1227.014767808010000
3.456943331,1229.106535945200000
3.476209464,1241.165392858510000
3.495475597,1253.228327068380000
3.51474173,1265.295175920910000
3.543976721,1283.612924181710000
3.548438525,1286.409275036890000
3.552900328,1289.205805609370000
3.557362131,1292.002510202010000
3.566285738,1297.596408082570000
3.575209344,1303.190923196920000
3.584132951,1308.786005947140000
3.60840702,1324.008286699390000
3.61225433,1326.421219493290000
3.616101641,1328.834208444570000
3.619948951,1331.247241582660000
3.627643572,1336.073369341970000
3.635338193,1340.899505607460000
3.643032814,1345.725544315790000
3.664414108,1359.133954550480000
3.685795402,1372.538233834750000
3.68748308,1373.596081327430000
3.689170758,1374.653889720800000
3.690858437,1375.711657368280000
3.694233794,1377.826981908860000
3.69760915,1379.942133811770000
3.727505166,1398.668955754900000
3.757401181,1417.380210025160000
3.782102346,1432.827303282320000
3.80680351,1448.261678226500000
3.824873265,1459.543881914610000
3.838352768,1467.955023312270000
3.851832271,1476.361571794840000
3.86109273,1482.134106724710000
3.870353188,1487.904211545190000
3.879613647,1493.671746705630000
3.894246703,1502.779741227060000
3.905343407,1509.681808651200000
3.916440111,1516.579495756120000
3.927536816,1523.472612329480000
3.94380635,1533.570328490900000
3.960075884,1543.657305739010000
3.976345418,1553.733032830340000
3.980241136,1556.143960564140000
3.984136854,1558.554210256060000
3.988032572,1560.963775961770000
3.995824008,1565.780843074190000
3.995963104,1565.866813688150000
3.9961022,1565.952783417290000
3.996241296,1566.038752261480000
3.996380392,1566.124720220600000
3.996519488,1566.210687294550000
3.99679768,1566.382619671760000
3.997075872,1566.554548029340000
3.997530375,1566.835430723820000
3.997984877,1567.116301093330000
3.99843938,1567.397159138770000
4.002621905,1569.981154531370000
4.00680443,1572.564107067420000
4.010986955,1575.146017467740000
4.042411377,1594.511365275850000
4.073835798,1613.818230206690000
4.10526022,1633.066915873520000
4.122408231,1643.546304671180000
4.139556241,1654.008508084940000
4.156704252,1664.453575006400000
4.188673279,1683.880739964330000
4.220642306,1703.248828830100000
4.252611332,1722.558155326960000
4.259890925,1726.946850158150000
4.267170518,1731.332518039460000
4.27445011,1735.715162647140000
4.293627614,1747.246447279190000
4.312805118,1758.756840753430000
4.331982622,1770.246408023820000
4.338467468,1774.126887444620000
4.344952315,1778.004995312830000
4.351437162,1781.880734072990000
4.368401784,1792.008638618040000
4.385366405,1802.120389741410000
4.402331027,1812.216030512350000
4.446069298,1838.170629890850000
4.48980757,1864.019168643440000
4.533545841,1889.762364836460000
4.577284113,1915.400950787610000
4.60027478,1928.835975990230000
4.623265448,1942.242405977030000
4.646256115,1955.620346405440000
4.679570057,1974.954893369090000
4.712883998,1994.230165086250000
4.74619794,2013.446463447750000
4.779511881,2032.604095810460000
4.793339682,2040.538803575630000
4.807167483,2048.463476960200000
4.820995283,2056.378136965530000
4.845044594,2070.119529240510000
4.869093904,2083.830804822120000
4.893143215,2097.512072116660000
4.927640742,2117.084995990740000
4.962138269,2136.596714715070000
4.996635796,2156.047547953100000
5.03173042,2175.772900090830000
5.066825045,2195.435907831540000
5.10191967,2215.036905254750000
5.133364145,2232.546821391620000
5.164808619,2250.007456229980000
5.196253094,2267.419041589600000
5.231624398,2286.946679829830000
5.266995702,2306.412863694230000
5.302367006,2325.817910991590000
5.320225776,2335.592273129920000
5.338084547,2345.351170733650000
5.355943317,2355.094643710900000
5.367999067,2361.663374855550000
5.380054816,2368.225107245720000
5.392110566,2374.779853057330000
5.443988681,2402.906692637530000
5.495866797,2430.905358202840000
5.547744912,2458.776798692280000
5.599623028,2486.521963305560000
5.619231066,2496.975939393370000
5.638839103,2507.412060269210000
5.658447141,2517.830375686640000
5.671128652,2524.558968259150000
5.683810164,2531.280147079790000
5.696491676,2537.993925413200000
5.707588175,2543.862514029330000
5.718684674,2549.725455407450000
5.729781173,2555.582758348440000
5.738667392,2560.269302111640000
5.747553611,2564.952240070360000
5.756439831,2569.631576717520000
5.779919639,2581.978366504010000
5.803399447,2594.300126614630000
5.826879255,2606.596938543670000
5.836492433,2611.624356760260000
5.888376492,2638.686672402240000
5.931386325,2661.028976005160000
5.974396157,2683.289044440400000
6.01740599,2705.467357713440000
6.085229657,2740.275944642240000
6.13408182,2765.223706829900000
6.182933983,2790.068274516670000
6.231786147,2814.810328974870000
6.28063831,2839.450533339050000
6.343231322,2870.873589399440000
6.405824334,2902.131895178950000
6.468417346,2933.226804055020000
6.531010358,2964.159649717910000
6.540511306,2968.840841168470000
6.550012253,2973.518334167760000
6.559513201,2978.192132941150000
6.578515096,2987.528663839690000
6.597516991,2996.850470177330000
6.616518886,3006.157590497470000
6.635520781,3015.450061488130000
6.686852681,3040.479870854830000
6.729556609,3061.221863417700000
6.772260538,3081.890937902280000
6.814964467,3102.487489485980000
6.857668395,3123.011908751440000
6.900372324,3143.464582582820000
6.943076253,3163.845895296200000
6.985780181,3184.156229398120000
7.022835821,3201.723010593930000
7.059891461,3219.236906237710000
7.088864658,3232.894018068560000
7.117837856,3246.519040665710000
7.146811053,3260.112088392180000
7.189766952,3280.206603792090000
7.22178172,3295.137578803390000
7.253796487,3310.030013511000000
7.285811254,3324.884062907180000
7.317826022,3339.699879145760000
7.36216547,3360.156456562290000
7.395890295,3375.667175414510000
7.42961512,3391.136035998180000
7.463339944,3406.563206734600000
7.497064769,3421.948853395840000
7.536176822,3439.740427425360000
7.575288875,3457.476626563680000
7.614400927,3475.157704577750000
7.65351298,3492.783917095100000
7.692625033,3510.355521460500000
7.736426729,3529.969505374380000
7.771892883,3545.801216776830000
7.807359038,3561.588658601350000
7.842825192,3577.332012680350000
7.878291346,3593.031457914090000
7.913757501,3608.687171667930000
7.96140337,3629.650812236680000
7.998195662,3645.785486652850000
8.034987953,3661.873741946660000
8.071780244,3677.915775540290000
8.108572536,3693.911784048460000
8.159080022,3715.796080821750000
8.209587509,3737.594508942490000
8.249609288,3754.806777428110000
8.289631067,3771.965678909550000
8.329652847,3789.071450766570000
8.369674626,3806.124328278700000
8.423902887,3829.146470770820000
8.465402001,3846.699621175970000
8.506901115,3864.196750752570000
8.548400229,3881.638117609590000
8.589899342,3899.023976314500000
8.631398456,3916.354577933310000
8.67289757,3933.630169987940000
8.714396684,3950.850998177480000
8.766799098,3972.518497248030000
8.80895569,3989.886763251990000
8.851112282,4007.199344292940000
8.893268875,4024.456494303140000
8.935425467,4041.658464498940000
8.986742102,4062.524075026950000
9.038058737,4083.308728357410000
9.089375372,4104.012858754310000
9.140692007,4124.636895781520000
9.197631649,4147.427585355910000
9.243827565,4165.846317516280000
9.290023481,4184.201180196300000
9.336219397,4202.492480907100000
9.382415313,4220.720525044700000
9.439662399,4243.221839397870000
9.483588424,4260.422031655310000
9.527514449,4277.565885297360000
9.571440473,4294.653647048160000
9.615366498,4311.685561820600000
9.670240679,4332.884434666520000
9.72511486,4353.997008333490000
9.779989041,4375.023755952710000
9.834863221,4395.965147559360000
9.889737402,4416.821648306290000
9.944611583,4437.593716658630000
9.953895005,4441.099545234720000
9.963178427,4444.602972638680000
9.972461848,4448.104000831330000
9.991028692,4455.098870762070000
10.00959554,4462.084170139810000
10.02816238,4469.059915357090000
10.09949154,4495.770420938480000
10.15317959,4515.782612151650000
10.20686764,4535.716019053520000
10.26055569,4555.571058892260000
10.31424374,4575.348146689330000
10.36793179,4595.047694556880000
10.42161984,4614.670108380570000
10.47530789,4634.215787395770000
10.52899594,4653.685123475660000
10.58268399,4673.078502588790000
10.63637204,4692.396307113860000
10.69006009,4711.638917279620000
10.74374814,4730.806712633270000
10.79743619,4749.900071546850000
10.85112424,4768.919370402930000
10.9048123,4787.864982114610000
10.95850035,4806.737274243590000
11.0121884,4825.536608617490000
11.06587645,4844.263341082160000
11.1195645,4862.917822663540000
11.17325255,4881.500401019430000
11.2269406,4900.011422681630000
11.28062865,4918.451233536060000
11.3343167,4936.820178591860000
11.38800475,4955.118600916660000
11.4416928,4973.346840381690000
11.49538085,4991.505313045970000
11.5490689,5009.594580357280000
11.60275695,5027.615323523530000
11.656445,5045.568276785200000
11.71013305,5063.454175843300000
11.7638211,5081.273735902440000
11.81750916,5099.027649374640000
11.87119721,5116.716590499810000
11.92488526,5134.341219726090000
11.97857331,5151.902185781330000
12.03226136,5169.400125789030000
12.08594941,5186.835664369850000
12.15267929,5208.420557650090000
12.20296068,5224.622544308110000
12.25324207,5240.771458338510000
12.30352346,5256.867764535740000
12.35380485,5272.911918277070000
12.41193029,5291.394602541690000
12.47005573,5309.808867776740000
12.52818116,5328.155379919960000
12.5863066,5346.434792781660000
12.6562291,5368.336168222330000
12.72615159,5390.142465770300000
12.78186413,5407.449840665890000
12.83757667,5424.698046732730000
12.89328921,5441.887592604270000
12.94900176,5459.018975783990000
13.0047143,5476.092683789570000
13.06042684,5493.109195403090000
13.11613938,5510.068981568050000
13.17185192,5526.972505759620000
13.23705285,5546.684024609530000
13.30225377,5566.319826448480000
13.3674547,5585.880611977870000
13.43265563,5605.367065259040000
13.49785655,5624.779853640160000
13.56305748,5644.119625157580000
13.62825841,5663.387004038060000
13.69345934,5682.582591056100000
13.75866026,5701.706960632830000
13.82386119,5720.760642365090000
13.88906212,5739.744112863200000
13.97189459,5763.760488418910000
14.05472707,5787.665039247560000
14.13755954,5811.458437177240000
14.22039202,5835.141292325310000
14.30322449,5858.714158941730000
14.38605697,5882.177553976830000
14.46888944,5905.531982313150000
14.55172192,5928.777946272870000
14.63455439,5951.915945848710000
14.71738687,5974.946476250890000
14.80021934,5997.870025365220000
14.88305182,6020.687072314930000
14.96588429,6043.398087747500000
15.04871677,6066.003535057780000
15.14151515,6091.203914926500000
15.23431352,6116.273009366690000
15.3271119,6141.211451223710000
15.41991028,6166.019866448670000
15.51270866,6190.698872003650000
15.60550704,6215.249074116620000
15.69830541,6239.671065571310000
15.79110379,6263.965423459070000
15.87409279,6285.584068321200000
15.95708179,6307.101493798600000
16.0400708,6328.518104576190000
16.1230598,6349.834306605530000
16.2060488,6371.050503053550000
16.22061449,6374.763944100220000
16.23518017,6378.474318771620000
16.24974586,6382.181629096550000
16.26431154,6385.885877123030000
16.29344291,6393.285197202710000
16.32257428,6400.672294395700000
16.35170565,6408.047183676360000
16.41041773,6422.873706980420000
16.46912982,6437.650843046040000
16.5278419,6452.378716315910000
16.60659507,6472.056699351480000
16.68534824,6491.646561739890000
16.76410141,6511.148640317800000
16.84285458,6530.563247341150000
16.92160775,6549.890687143040000
17.00036092,6569.131261361560000
17.07911409,6588.285268529730000
17.15786726,6607.353002531840000
17.23662043,6626.334751816910000
17.3153736,6645.230799684940000
17.39412677,6664.041425326100000
17.47287994,6682.766904294550000
17.55163311,6701.407508264150000
17.64508301,6723.417037666190000
17.73853291,6745.307886330670000
17.83198282,6767.080502962060000
17.92543272,6788.735335510640000
18.01888262,6810.272827201010000
18.11233252,6831.693412225090000
18.20578243,6852.997512863540000
18.29923233,6874.185539832080000
18.39268223,6895.257895359230000
18.48613213,6916.214977279300000
18.57958203,6937.057182349940000
18.67303194,6957.784907643810000
18.76648184,6978.398549776940000
18.85993174,6998.898502572240000
18.95338164,7019.285154246300000
19.04683155,7039.558885227200000
19.14028145,7059.720067321680000
19.25012044,7083.273688650920000
19.35995943,7106.672904869180000
19.46979843,7129.918288855740000
19.57963742,7153.010409244740000
19.68947641,7175.949831797940000
19.7993154,7198.737118225160000
19.9091544,7221.372822499750000
20.01899339,7243.857487155600000
20.12883238,7266.191641297370000
20.23867137,7288.375801152030000
20.34851037,7310.410472974750000
20.45834936,7332.296156822510000
20.56818835,7354.033349507840000
20.67802734,7375.622545682130000
20.81146423,7401.651584838880000
20.92238698,7423.123802748040000
21.03330973,7444.446682748750000
21.14423248,7465.620705525410000
21.25515523,7486.646341235390000
21.36607798,7507.524050505090000
21.5003034,7532.590595453990000
21.63452882,7557.441988640450000
21.76875424,7582.079012737900000
21.90297966,7606.502436874200000
22.03720507,7630.713014578560000
22.17143049,7654.711485187410000
22.30565591,7678.498573162110000
22.43988133,7702.074986870680000
22.58969002,7728.140635550300000
22.73949871,7753.945655225110000
22.8893074,7779.490967634220000
23.03911609,7804.777480283040000
23.18892478,7829.806088162420000
23.33873347,7854.577668033360000
23.48854216,7879.093073670210000
23.63835085,7903.353137938290000
23.78815954,7927.358674274650000
23.93796823,7951.110477571040000
24.08777692,7974.609325463030000
24.27177409,8003.125934217880000
24.42413626,8026.452670300710000
24.57649843,8049.520270872310000
24.7288606,8072.329503003640000
24.88122276,8094.881123902170000
25.03358493,8117.175878321050000
25.20407843,8141.820102713620000
25.37457192,8166.144596913480000
25.4049535,8170.445682207570000
25.43533508,8174.736651785450000
25.46571665,8179.017510733410000
25.52647981,8187.548925997670000
25.58724296,8196.039967485230000
25.64800611,8204.490677770250000
25.78338162,8223.173367681510000
25.88522213,8237.096480515760000
25.98706263,8250.906886890810000
26.08890314,8264.604778599790000
26.19074365,8278.190340034580000
26.30741054,8293.615928127350000
26.42407742,8308.894602146710000
26.54074431,8324.026624123810000
26.6574112,8339.012255465540000
26.77407809,8353.851758114880000
26.90744135,8370.636306909410000
27.04080461,8387.230643081390000
27.17416787,8403.635156667530000
27.30753114,8419.850234695440000
27.4408944,8435.876259135890000
27.60686384,8455.557036633580000
27.73662311,8470.740898953780000
27.86638238,8485.746899384840000
27.99614165,8500.575356632560000
28.12590092,8515.226581396090000
28.28820376,8533.303309312210000
28.45050659,8551.103814310510000
28.61280943,8568.628663920510000
28.77511227,8585.878418489520000
28.93741511,8602.853634027790000
29.09971795,8619.554861970940000
29.26202079,8635.982647967270000
29.42432363,8652.137530411300000
29.61282889,8670.558634373990000
29.80133414,8688.613132349840000
29.98983939,8706.301814492400000
30.17834464,8723.625447585190000
30.3668499,8740.584775887760000
30.55535515,8757.180523395390000
30.7438604,8773.413395936490000
30.77348878,8775.931849254670000
30.80311717,8778.441357737210000
30.83274555,8780.941924008200000
30.86237393,8783.433550684230000
30.89200232,8785.916240369970000
30.95125908,8790.854819121230000
31.01051585,8795.757680873600000
31.06977262,8800.624846109690000
31.12902938,8805.456335176340000
31.26132448,8816.114356174060000
31.39361958,8826.594876276020000
31.52591468,8836.898115211880000
31.65820978,8847.024289728740000
31.83584638,8860.342890726710000
32.01348299,8873.343153093590000
32.1911196,8886.025578582340000
32.3687562,8898.390660114920000
32.54639281,8910.438881785690000
32.72402942,8922.170718397680000
32.90166602,8933.586635105330000
33.09915627,8945.908156727620000
33.29664652,8957.840372035600000
33.49413677,8969.383878941980000
33.69162702,8980.539263656770000
33.88911727,8991.307101700100000
34.11222202,9003.006034086210000
34.33532677,9014.211890095600000
34.55843152,9024.925453671660000
34.78153627,9035.147496053300000
35.00464102,9044.878777601980000
35.28407305,9056.375809340750000
35.56350508,9067.105629134120000
35.84293711,9077.069677566870000
36.12236914,9086.269380481350000
36.40180116,9094.706149835620000
36.68123319,9102.381382929670000
36.96066522,9109.296459601470000
37.24009725,9115.452736922010000
37.56815562,9121.713752141660000
37.896214,9126.932791046460000
38.22427237,9131.111789678260000
38.55233075,9134.252491644440000
38.88038912,9136.356362998020000
39.2084475,9137.424477705510000
39.38289912,9137.570841987850000
39.39047619,9137.570566216420000
39.40004307,9137.568989248920000
39.40960994,9137.566531950470000
39.42874369,9137.559856677920000
39.44787745,9137.549660026670000
39.4670112,9137.535941936050000
39.63847375,9137.255822567160000
39.8099363,9136.692817426370000
39.98139884,9135.846770813850000
40.15286139,9134.717452258980000
40.39672357,9132.622724267520000
40.64058574,9129.953195368460000
40.88444791,9126.707382991490000
40.89047619,9126.619832930080000
40.89271796,9126.587331263430000
40.89495972,9126.554949957880000
40.89944326,9126.490425407460000
40.90392679,9126.426371689380000
40.90841033,9126.362778390080000
40.93337817,9126.016635039400000
40.95834601,9125.682864452160000
40.98331386,9125.360108593240000
41.0082817,9125.047182203550000
41.04631121,9124.587128209420000
41.08434072,9124.144409245810000
41.12237023,9123.716461539150000
41.16039974,9123.301117893400000
41.19842925,9122.896562399940000
41.26159799,9122.244344082540000
41.32476673,9121.611890728550000
41.38793547,9120.994563654870000
41.45110421,9120.388711471490000
41.51427295,9119.791359979520000
41.57744169,9119.200067884430000
41.68114266,9118.237390247400000
41.78484363,9117.278784280470000
41.88854461,9116.319078445240000
41.99224558,9115.354441554140000
42.09594656,9114.382033428060000
42.19964753,9113.399793947490000
42.37576773,9111.705222552780000
42.55188794,9109.974107909630000
42.72800814,9108.205052764380000
42.90412835,9106.398531518920000
43.08024855,9104.556207352570000
43.25636876,9102.680539429020000
43.55618202,9099.419164668190000
43.85599529,9096.084614054420000
44.15580855,9092.691446126560000
44.45562182,9089.252570614920000
44.75543508,9085.778704653450000
45.05524834,9082.278563288810000
45.3821678,9078.440024106770000
45.70908726,9074.585074345090000
46.03600671,9070.718692035580000
46.36292617,9066.844491122330000
46.68984562,9062.965050370880000
47.09807347,9058.116124679420000
47.50630133,9053.264326743900000
47.91452918,9048.411235136830000
48.32275703,9043.557794377080000
48.75420423,9038.428634478330000
49.18565143,9033.300206550050000
49.61709863,9028.172828533960000
50.41127482,9018.737988084920000
51.205451,9009.307969384490000
51.99962718,8999.882740754440000
52.79380336,8990.462153867070000
53.22868629,8985.305627720210000
53.66356921,8980.150641576900000
54.09845214,8974.997141233750000
54.53329323,8969.845605683170000
54.96813431,8964.695541850830000
55.4029754,8959.546950767780000
56.27152275,8949.267605469470000
57.14007009,8938.994112597990000
58.00861743,8928.726457439340000
58.87633834,8918.474388635620000
59.74405925,8908.228121392740000
60.61178015,8897.987642949470000
65.13492754,8844.700240050740000
69.65807492,8791.567755127660000
74.1812223,8738.588521935940000
74.31642915,8737.007281683110000
74.451636,8735.426176745260000
74.58684285,8733.845207079020000
74.7220497,8732.264373066280000
74.85725656,8730.683675552700000
75.12767026,8727.522831555230000
75.39808396,8724.362542326380000
75.95718097,8717.829642399450000
76.51627797,8711.299134525330000
77.07537498,8704.771028209610000
78.36563183,8689.714960439650000
79.65588868,8674.671703953860000
80.94614554,8659.641226673100000
82.23640239,8644.623478380270000
84.18282435,8621.992354084940000
86.12924632,8599.389930965480000
88.07566828,8576.816077225780000
93.30997807,8516.250694297760000
98.54428786,8455.887983859210000
103.7785976,8395.725389049910000
113.8031886,8281.050131820510000
118.3597002,8229.162339822040000
122.9162118,8177.419083923990000
123.2118469,8174.067173462860000
123.507482,8170.715869544090000
123.8917449,8166.360916592980000
124.2760079,8162.007004783050000
124.8452426,8155.558406673200000
125.4144773,8149.112100680110000
125.983712,8142.668089595920000
128.8023737,8110.793240617540000
129.1101069,8107.316643821660000
129.4178401,8103.840711700790000
129.7255732,8100.365443502360000
130.0333064,8096.890839287160000
130.6487728,8089.943622533810000
131.2642391,8082.999059373610000
131.8797054,8076.057146697070000
134.1183861,8050.829079817550000
136.3570667,8025.635825287650000
138.5957473,8000.477202359740000
143.437873,7946.177931268270000
148.2799987,7892.037814726630000
153.1221244,7838.055078899100000
163.4919984,7722.967944532190000
170.514406,7645.427787941040000
171.054239,7639.480192634680000
171.594072,7633.534483374180000
172.133905,7627.590669437890000
173.213571,7615.708746174230000
174.293237,7603.834426721520000
175.372903,7591.967701418010000
177.952135,7563.649675782230000
180.5313671,7535.374614652970000
183.1105992,7507.142269369740000
190.6153254,7425.234793046970000
198.1200517,7343.680213461320000
205.6247779,7262.472827900180000
213.6751676,7175.740137713250000
216.9028525,7141.075582414660000
219.226836,7116.155494342190000
221.5508195,7091.268079735460000
223.874803,7066.413343465510000
226.4971045,7038.407249038390000
229.1194061,7010.442382248370000
231.7417076,6982.518470711400000
237.4906577,6921.441791283040000
243.2396077,6860.558266184690000
248.9885578,6799.865576305720000
259.7008132,6687.276536054330000
261.2381438,6671.171633459260000
262.7754745,6655.080098491930000
264.3128051,6639.002063891650000
265.8501357,6622.937573230950000
267.3874664,6606.886613074480000
268.924797,6590.849145984560000
271.4959877,6564.056431468490000
274.0671783,6537.301115621560000
276.6383689,6510.582996171770000
285.9694247,6413.928238465120000
295.3004805,6317.750374173470000
304.6315362,6222.040648858680000
304.8105605,6220.209038070930000
304.9895847,6218.377599232830000
305.1686089,6216.546333363740000
305.3476331,6214.715241265020000
305.5266573,6212.884323563970000
305.8847058,6209.222838149320000
306.2427542,6205.562053853430000
306.6008027,6201.901972587970000
309.0188309,6177.202567044690000
310.8474396,6158.545264511260000
312.6760483,6139.906229507650000
314.504657,6121.285340397680000
316.3332657,6102.682568940200000
319.990483,6065.531136690410000
323.6477004,6028.451344284870000
327.3049178,5991.442669151580000
337.6661608,5886.972935333940000
348.0274039,5783.058093654680000
348.8554538,5774.777366591310000
349.6835036,5766.500200843030000
350.5115535,5758.226613725270000
352.1676532,5741.690191087930000
353.823753,5725.168079874120000
355.4798527,5708.660239761470000
359.2713439,5670.920400379480000
363.0628351,5633.254488068420000
366.8543264,5595.661950658790000
377.737927,5488.151490320830000
388.6215276,5381.227120086910000
389.427091,5373.336246495530000
390.2326543,5365.448580739230000
391.0382177,5357.564152256170000
392.6493444,5341.805069654880000
394.2604711,5326.059014165850000
395.8715978,5310.325962268360000
398.521068,5284.481370759410000
401.1705382,5258.671639100420000
403.8200084,5232.896584599940000
414.6304954,5128.081299788660000
425.4409824,5023.827061207040000
428.5770979,4993.687247214140000
430.4886653,4975.338784532550000
431.8564537,4962.220583476350000
433.224242,4949.111411532820000
434.5920304,4936.011326121180000
435.9598188,4922.920348204800000
437.3276072,4909.838457247260000
438.6953955,4896.765616131240000
441.4309723,4870.646930925350000
444.166549,4844.564129052820000
446.9021258,4818.517023879780000
457.7665163,4715.416894038080000
468.6309068,4612.863999749970000
469.4723398,4604.944198523920000
470.3137729,4597.027625171470000
471.1552059,4589.114295511840000
472.4797391,4576.664221596630000
473.8042722,4564.222245383970000
475.1288054,4551.788362210790000
477.262697,4531.773698372210000
479.3965886,4511.779906070360000
481.5304803,4491.806900713960000
487.5454542,4435.618155914190000
493.5604281,4379.591866315480000
499.575402,4323.726260239490000
509.7140166,4229.918908098960000
510.4072286,4223.521420166670000
511.1004406,4217.126036389090000
511.7936526,4210.732763615810000
513.1800766,4197.952559163330000
514.5665006,4185.180800402260000
515.9529246,4172.417470480570000
518.3237429,4150.611322322520000
520.6945613,4128.829643902760000
523.0653797,4107.072328881500000
531.6646755,4028.357254291200000
540.2639713,3949.955834172380000
545.3613874,3903.628375958730000
547.6346613,3883.002797308140000
547.878991,3880.787251785250000
548.1233207,3878.571952615170000
548.3676504,3876.356900179320000
548.8384668,3872.089716399640000
549.3092832,3867.823456680490000
550.0375113,3861.225791320680000
550.7657393,3854.630338830700000
551.4939674,3848.037098829990000
552.871617,3835.570163651850000
554.2492666,3823.111124289690000
555.6269162,3810.659959877890000
557.0045659,3798.216649319080000
564.130138,3733.980687195950000
571.2557102,3669.951323495610000
578.3812823,3606.126125986430000
580.4559814,3587.580838779160000
582.5306805,3569.052601162440000
584.6053796,3550.541339772630000
586.5170935,3533.499286632980000
586.7765283,3531.187784283470000
587.0359631,3528.876546907230000
587.5548327,3524.254602440960000
588.0737024,3519.633718686240000
588.592572,3515.013895615100000
590.0501785,3502.041576190400000
591.5077851,3489.077604091230000
592.9653916,3476.121956081000000
594.4229981,3463.174609075780000
598.6158177,3425.977443771070000
600,3413.712458464180000
